templo,templo.adress,bicimad.station,bicimad.address,distance
Basílica Jesús de Medinaceli,PLAZA JESUS 2,27 - Huertas,Calle Jesús nº 1,82.89024078537761
Basílica La Milagrosa,CALLE GARCIA DE PAREDES 45,125 - General Martínez Campos ,Calle Fernández de la Hoz nº 29,177.52027632953153
Basílica Pontificia de San Miguel,CALLE SAN JUSTO 4,35 - Plaza del Cordón,Plaza del Cordón,56.629797395806854
Capilla Nuestra Señora de la Bien Aparecida,CALLE PIO BAROJA 2,71 - Doce de Octubre,Calle Doce de Octubre nº 28,101.50058074045957
Capilla de San Ignacio de los Vascos,CALLE PRINCIPE 31,52 - Plaza de Santa Ana,Plaza de Santa Ana nº 10,53.45118816678377
Capilla de San Isidro,CALLE AGUILA 1,38 - Plaza de los Carros,Carrera de San Francisco nº 1,157.03870608278743
Catedral Santa María la Real de la Almudena,CALLE BAILEN 10,166 - Segovia 26,Calle Segovia nº 26,190.72403107219202
Concepción Real de Calatrava,CALLE ALCALA 25,28 - Sevilla,Calle Alcalá nº 27,37.55330665633403
Convento de Santa Teresa y San José (Carmelitas Descalzos),PLAZA ESPAÑA 14,116a - Plaza de España A,Calle Princesa nº 5,187.42932300295757
Convento de las Comendadoras de Santiago,PLAZA COMENDADORAS 10,13 - Conde Duque,Calle Conde Duque nº 22,126.85370034729645
Ermita Virgen del Puerto,PASEO VIRGEN DEL PUERTO 4,167 - Segovia 45,Calle Segovia nº 45,370.4718442850838
Ermita de San Isidro,PASEO ERMITA DEL SANTO 72,223 - Ermita Santo,Paseo de la Ermita del Santo nº 48,697.9674138768836
Fuente de San Isidro,PASEO ERMITA DEL SANTO 72,223 - Ermita Santo,Paseo de la Ermita del Santo nº 48,697.9674138768836
Iglesia Catedral de las Fuerzas Armadas,CALLE SACRAMENTO 11,166 - Segovia 26,Calle Segovia nº 26,163.2633867780972
Iglesia Convento del Santísimo Cristo del Pardo,PISTA CRISTO DE EL PARDO 11,261 - Facultad Derecho,Avenida Complutense nº 23,9099.446411127594
Iglesia Cristo Rey de Argüelles,CALLE MARTIN DE LOS HEROS 91,117 - Altamirano,Calle Altamirano nº 24,144.49160992772948
Iglesia Esclavas del Sagrado Corazón de Jesús,PASEO GENERAL MARTINEZ CAMPOS 10,246 - Santa Engracia 87,Calle Santa Engracia nº 87,211.60315299777972
Iglesia Madres Dominicas (Monasterio Santo Domingo el Real),CALLE CLAUDIO COELLO 112,190 - Velázquez-Diego de León,Calle Velázquez nº 91,195.17439190797793
Iglesia Nuestra Señora de Lourdes y San Justino. Iglesia de la Renovación Carismática,CALLE SAN JUAN DE MATA 30,224 - Caramuel,Calle Caramuel nº 51,2563.4419733086083
Iglesia Nuestra Señora de Montserrat,CALLE SAN BERNARDO 79,12 - San Hermenegildo,Calle San Bernardo nº 85,70.73769059005693
Iglesia Nuestra Señora de la Paz,CALLE DOCTOR ESQUERDO 44,62 - O'Donnell,Calle O'Donnell nº 50,283.2513043335794
Iglesia San Antonio de los Alemanes,CALLE CORREDERA BAJA DE SAN PABLO 16,17 - Carlos Cambronero,Plaza de Carlos Cambronero nº 2,73.39591191967055
Iglesia San José de la Montaña,CALLE FERNANDEZ DE LA HOZ 16,122 - Santa Engracia 14,Calle Santa Engracia nº 14,255.46745780665447
Iglesia San Pedro el Viejo,CALLE NUNCIO 14,35 - Plaza del Cordón,Plaza del Cordón,112.9177414786984
Iglesia de María Reina,CALLE PICO DE LA MALICIOSA 9,226 - Sierra Toledana,Camino de Valderribas nº 94,673.8750792348812
Iglesia de Nuestra Señora de las Maravillas,CALLE DOS DE MAYO 11,11 - San Andrés,Calle San Andrés nº 18,75.88771165099585
Iglesia de San Antón,CALLE HORTALEZA 63,6 - Colegio Arquitectos,Calle Hortaleza nº 63,8.289504572223835
Iglesia de San Felipe Neri,CAMINO VALDERRIBAS 39,226 - Sierra Toledana,Camino de Valderribas nº 94,364.8049738504459
Iglesia de la Santísima Trinidad (Trinitarios),CALLE ECHEGARAY 30,52 - Plaza de Santa Ana,Plaza de Santa Ana nº 10,101.24376141736363
Iglesia del Espíritu Santo,CALLE SERRANO 125,250 - Serrano 113,Calle Serrano nº 113B,97.54755157266966
Iglesia del Santo Niño del Remedio,CALLE DONADOS 6,25b - Plaza de Celenque B,Plaza de Celenque nº 1,183.13775861565466
Monasterio de Nuestra Señora de las Maravillas (Carmelitas Calzadas de la antigua observancia),CALLE PRINCIPE DE VERGARA 23,91 - Príncipe de Vergara,Calle Hermosilla nº 70,153.18720247174267
Monasterio de San Plácido (Benedictinas),CALLE SAN ROQUE 9,17 - Carlos Cambronero,Plaza de Carlos Cambronero nº 2,75.40897973596735
Monasterio de la Inmaculada y San Pascual (Clarisas),PASEO RECOLETOS 11,19 - Prim,Calle Prim nº 2,238.87997168788692
Monasterio de la Santísima Trinidad y de San Ildefonso (Trinitarias),CALLE LOPE DE VEGA 18,27 - Huertas,Calle Jesús nº 1,180.32011583522416
Monasterio del Corpus Christi (Jerónimas 'Carboneras'),PLAZA CONDE DE MIRANDA 3,35 - Plaza del Cordón,Plaza del Cordón,75.8797248219279
Nuestra Señora de la Merced - Parroquia personal de habla inglesa,CALLE MAURICIO LEGENDRE 10,252 - Chamartín,Calle Rodríguez Jaén nº 40,173.09389047500346
Oratorio San Felipe Neri,CALLE ANTONIO ARIAS 17,72 - Sainz de Baranda,Calle Doctor Esquerdo nº 99,199.07420601793152
Oratorio de la Hospitalidad de Nuestra Señora de Lourdes,CALLE FORTUNY 21,198 - Rubén Darío,Glorieta Rubén Darío 2,327.9582740112346
Parroquia Ascensión del Señor,CALLE VIA CARPETANA 105,223 - Ermita Santo,Paseo de la Ermita del Santo nº 48,1838.874935241803
Parroquia Asunción de Nuestra Señora. Calle Gabriel y Galán,CALLE GABRIEL Y GALAN 17,197 - Parque Berlín,Avenida de Concha Espina nº 34,797.265559495106
Parroquia Asunción de Nuestra Señora. Calle Pérez de Victoria,CALLE PEREZ DE VICTORIA 9,261 - Facultad Derecho,Avenida Complutense nº 23,4629.736260414419
Parroquia Bautismo del Señor,CALLE GAVILANES 11,261 - Facultad Derecho,Avenida Complutense nº 23,3125.542079556265
Parroquia Beata María Ana Mogas,CALLE BELLA ALTISIDORA 6,217 - Pedro Rico,Calle Pedro Rico nº 4,1987.0060476712592
Parroquia Beata María Ana de Jesús,CALLE GUILLERMO DE OSMA 10,165 - Entrada Matadero,Paseo de la Chopera nº 14,132.4723405079999
Parroquia Buen Pastor,AVENIDA PARQUE DE PALOMERAS BAJAS 22,227 - Concordia,Calle Arroyo del Olivar nº 6,1991.125330127006
Parroquia Castrense Santa María de la Dehesa,AVENIDA ARQUEROS 19,224 - Caramuel,Calle Caramuel nº 51,6297.8926305188115
Parroquia Concepción de Nuestra Señora,CALLE GOYA 26,90 - General Pardiñas,Calle Goya nº 18,133.19750467295066
Parroquia Cristo Resucitado,CALLE CEBREROS 56,224 - Caramuel,Calle Caramuel nº 51,1721.2899530069535
Parroquia Cristo Rey de Usera,CALLE AMOR HERMOSO 15,213 - Glorieta de Cádiz,Calle Antonio López nº 129,414.97032915809876
Parroquia Cristo Sacerdote,CALLE LOPEZ DE ARANDA 52,230 - Carlota O’Neill,Calle Carlota O'Neill nº 32,1342.8737708684887
Parroquia Cristo Salvador,CALLE CARACOLI 1,230 - Carlota O’Neill,Calle Carlota O'Neill nº 32,3572.081440909488
Parroquia Cristo de la Paz,CALLE PORTALEGRE 8,212 - Marqués de Vadillo,Glorieta Marqués de Vadillo nº 9,1121.8815574943574
Parroquia Crucifixión del Señor,CALLE CUART DE POBLET 11,224 - Caramuel,Calle Caramuel nº 51,1849.7063982795
Parroquia Divino Salvador,AVENIDA SANTUARIO DE VALVERDE 37,217 - Pedro Rico,Calle Pedro Rico nº 4,2890.1559350524267
Parroquia Dulce Nombre de María,CALLE SAN FLORENCIO 1,225 - Doctor Lozano,Calle Sierra Toledana nº 33,224.5719973679744
Parroquia El Salvador y San Nicolás,CALLE ATOCHA 58,41 - Antón Martín,Calle Atocha nº 54,29.247069373221503
Parroquia Encarnación del Señor,CALLE HERMANOS GARCIA NOBLEJAS 49,215 - Gutierre de Cetina,Calle Gutierre de Cetina nº 77,776.8959622725091
Parroquia Epifanía del Señor,CALLE NUESTRA SEÑORA DE LA LUZ 64,212 - Marqués de Vadillo,Glorieta Marqués de Vadillo nº 9,3057.161869621204
Parroquia Espíritu Santo,CALLE RICARDO ORTIZ 1,188 - Puente de Ventas,Avenida de Daroca nº 2,166.981281602726
Parroquia Espíritu Santo y Nuestra Señora de la Araucana,CALLE PUERTO RICO 29,160 - Colombia,Calle Colombia nº 7,165.69072645768864
Parroquia Hispanoamericana de la Merced,CALLE EDGAR NEVILLE 23,151 - Orense 12,Calle Orense nº 12,160.59661593885588
Parroquia Inmaculada Concepción (El Pardo),CALLE MANUEL ALONSO  sin número,217 - Pedro Rico,Calle Pedro Rico nº 4,8686.463241205509
Parroquia Inmaculado Corazón de María,CALLE FERRAZ 74,113 - Pintor Rosales,Paseo del Pintor Rosales frente al nº 38,142.3053069236574
Parroquia Jesús Obrero,CALLE CASTILLO DE UCLES 26,215 - Gutierre de Cetina,Calle Gutierre de Cetina nº 77,1328.7844287082041
Parroquia Jesús de Nazaret,CALLE CUEVAS DEL ALMANZORA 18,252 - Chamartín,Calle Rodríguez Jaén nº 40,2174.180044886268
Parroquia Jesús y María,CALLE MAQUEDA 129,224 - Caramuel,Calle Caramuel nº 51,3631.320647799634
Parroquia La Cena del Señor,CALLE ANTONIO MACHADO 24,239 - Francos Rodríguez,Calle Francos Rodríguez nº 62,1532.936614341279
Parroquia Los Doce Apóstoles,CALLE VELAZQUEZ 88,88 - Embajada de Italia,Calle Velázquez nº 75,93.86827944330744
Parroquia Madre del Buen Pastor,CALLE SAN MARIO 81,235 - Embajadores 191,Calle Sodio nº 1B,1445.0616466931347
Parroquia María Auxiliadora,RONDA ATOCHA 25,168 - Batalla del Salado,Paseo Santa María de la Cabeza nº 29,234.8449112041548
Parroquia María Inmaculada y Santa Vicenta,AVENIDA BRASIL 25,156 - Sor Ángela de la Cruz,Calle Sor Ángela de la Cruz nº 2,149.6780248324883
Parroquia María Madre del Amor Hermoso,CALLE VICENTE CARBALLAL 11,235 - Embajadores 191,Calle Sodio nº 1B,4053.445364628368
Parroquia María Mediadora,AVENIDA RAFAEL ALBERTI 25,221 - Pavones,Calle Hacienda de Pavones nº 342,1601.2748176125826
Parroquia María Reina y San Buenaventura,CALLE LOPEZ GRASS 44,226 - Sierra Toledana,Camino de Valderribas nº 94,211.15948301827277
Parroquia María Virgen Madre,AVENIDA MACHUPICHU 50,230 - Carlota O’Neill,Calle Carlota O'Neill nº 32,2431.0220391386583
Parroquia Natividad de Nuestra Señora,CALLE MARROQUINA 41,219 - Marroquina,Calle Camino de los Vinateros nº 108,230.3845949374851
Parroquia Nuestra Madre del Dolor,AVENIDA TOREROS 45,193 - Ventas,Avenida de los Toreros nº 49,92.96495881091111
Parroquia Nuestra Señora Flor del Carmelo,AVENIDA EL FERROL 49,248 - Torre Cepsa,Calle Sinesio Delgado nº 2,1599.93920003912
Parroquia Nuestra Señora Reina del Cielo,PASAJE CAN MENOR 5,73 - Plaza de los Astros,Avenida de Nazaret nº 7,228.890498290899
Parroquia Nuestra Señora de Altagracia,CALLE AZUAGA 15,239 - Francos Rodríguez,Calle Francos Rodríguez nº 62,843.5712165783792
Parroquia Nuestra Señora de Aránzazu,CALLE JOSE ROMERO 5,239 - Francos Rodríguez,Calle Francos Rodríguez nº 62,388.3694286071679
Parroquia Nuestra Señora de Begoña,CALLE MARCOS DE ORUETA 15 C,217 - Pedro Rico,Calle Pedro Rico nº 4,434.4335684081451
Parroquia Nuestra Señora de Belén,CALLE CORREGIDOR RODRIGO RODRIGUEZ 12,218 - Camino Vinateros,Calle Camino de los Vinateros nº 28,273.6018362961631
Parroquia Nuestra Señora de Covadonga,CALLE FRANCISCO SILVELA 2,108 - Mártires Concepcionistas,Calle Mártires Concepcionistas nº 2,209.94167997113263
Parroquia Nuestra Señora de Europa,PASEO JUAN ANTONIO VALLEJO-NAJERA BOTAS 23,163 - Paseo de la Esperanza,Paseo de la Esperanza nº 2,232.60657238249706
Parroquia Nuestra Señora de Guadalupe,CALLE PUERTO RICO 1,197 - Parque Berlín,Avenida de Concha Espina nº 34,301.57837772519434
Parroquia Nuestra Señora de Loreto,CALLE ALAS 21,230 - Carlota O’Neill,Calle Carlota O'Neill nº 32,6421.561716049288
Parroquia Nuestra Señora de Luján,CALLE PONFERRADA 49,207 - Remonta,Calle Azucenas nº 1,1947.8368806735928
Parroquia Nuestra Señora de Madrid,PASEO CASTELLANA 207,208 - Plaza de Castilla,Paseo de la Castellana nº 216,377.39642158772153
Parroquia Nuestra Señora de Moratalaz,CALLE ENTRE ARROYOS 19,218 - Camino Vinateros,Calle Camino de los Vinateros nº 28,349.3108345107708
Parroquia Nuestra Señora de Sonsoles,CALLE TIMOTEO DOMINGO 38,232 - José María Pereda,Calle José María de Pereda nº 1,342.38978711346897
Parroquia Nuestra Señora de la Aurora y Santo Ángel,CALLE GREGORIO SANZ 8,227 - Concordia,Calle Arroyo del Olivar nº 6,258.92280192480655
Parroquia Nuestra Señora de la Concepción (Pueblo Nuevo),CALLE ARTURO SORIA 5,229 - C.D. Concepción,Calle Jose del Hierro nº 5,825.2590320097291
Parroquia Nuestra Señora de la Consolación,CALLE JUAN ESPLANDIU 2,182 - Parque Roma,Calle Alcalde Sáinz de Baranda frente al nº 107,311.80843915759607
Parroquia Nuestra Señora de la Estrella,CALLE LIRA 4,82 - Niño Jesús,Calle Doctor Esquerdo nº 161,24.019781089397124
Parroquia Nuestra Señora de la Fuencisla,PLAZA ANGELICA SE&amp;Ntilde;ORA 1,213 - Glorieta de Cádiz,Calle Antonio López nº 129,639.4581843494018
Parroquia Nuestra Señora de la Granada,CALLE VILLASILOS 3,215 - Gutierre de Cetina,Calle Gutierre de Cetina nº 77,1369.727379272686
Parroquia Nuestra Señora de la Guía,CALLE CONDE DE TORRALBA 18,249 - Manuel Caldeiro,Paseo de la Castellana nº 298,302.7245471711995
Parroquia Nuestra Señora de la Luz,CALLE FERNAN NUÑEZ 4,160 - Colombia,Calle Colombia nº 7,701.5334570784705
Parroquia Nuestra Señora de la Merced,CALLE CORREGIDOR JUAN FRANCISCO DE LUJAN 101,220 - Plaza del Encuentro,Calle Arroyo de las Pilillas nº 6,691.3793076858457
Parroquia Nuestra Señora de la Misericordia,CALLE ARROYO DEL OLIVAR 100,227 - Concordia,Calle Arroyo del Olivar nº 6,747.5655234769253
Parroquia Nuestra Señora de la Montaña,CALLE CORREGIDOR JOSE DE PASAMONTE 15,219 - Marroquina,Calle Camino de los Vinateros nº 108,281.3998742396088
Parroquia Nuestra Señora de la Palabra,CALLE VALDEBERNARDO 29,221 - Pavones,Calle Hacienda de Pavones nº 342,284.75401819306614
Parroquia Nuestra Señora de la Paz,CALLE VALDERRIBAS 37,76 - Puerta de Mariano de Cavia,Avenida del Mediterráneo nº 19,268.3913316802884
Parroquia Nuestra Señora de la Peña y San Felipe Neri,CALLE PUERTO DE CANFRANC 19,226 - Sierra Toledana,Camino de Valderribas nº 94,264.29951989895085
Parroquia Nuestra Señora de la Piedad,CALLE ANTONIO FOLGUERAS 24,227 - Concordia,Calle Arroyo del Olivar nº 6,613.3219306007386
Parroquia Nuestra Señora de la Soledad,CALLE VISITACION 1,213 - Glorieta de Cádiz,Calle Antonio López nº 129,700.5136978587747
Parroquia Nuestra Señora de la Vega,CALLE CHANTADA 28,207 - Remonta,Calle Azucenas nº 1,1720.5222491160625
Parroquia Nuestra Señora de las Américas,CALLE ESPIREA 1 y 3,230 - Carlota O’Neill,Calle Carlota O'Neill nº 32,2706.366588971631
Parroquia Nuestra Señora de las Angustias,CALLE RAFAEL DE RIEGO 16,120 - Palos de la Frontera,Calle Palos de la Frontera nº 27,240.1317175979327
Parroquia Nuestra Señora de las Delicias,PASEO DELICIAS 61,172 - Delicias,Calle Bustamante nº 1,69.1016363294237
Parroquia Nuestra Señora de las Fuentes,CALLE VILLA DE MARIN 39,217 - Pedro Rico,Calle Pedro Rico nº 4,919.5393782902931
Parroquia Nuestra Señora de las Nieves,CALLE NURIA 47,217 - Pedro Rico,Calle Pedro Rico nº 4,1813.3563789091982
Parroquia Nuestra Señora de las Rosas,CALLE SUECIA 44 PLANTA 3ª C,215 - Gutierre de Cetina,Calle Gutierre de Cetina nº 77,3202.2333969164224
Parroquia Nuestra Señora de las Victorias,CALLE AZUCENAS 34,207 - Remonta,Calle Azucenas nº 1,254.65259289033537
Parroquia Nuestra Señora de los Apóstoles,CALLE LUIS DE HOYOS SAINZ 94 BIS,221 - Pavones,Calle Hacienda de Pavones nº 342,378.3468531482275
Parroquia Nuestra Señora de los Desamparados y San Lucas,PLAZA PINAZO 8,235 - Embajadores 191,Calle Sodio nº 1B,5170.236679410443
Parroquia Nuestra Señora de los Dolores,CALLE SAN BERNARDO 103,3 - Plaza Conde Suchil,Plaza del Conde del Valle de Súchil nº 3,156.96450774880438
Parroquia Nuestra Señora de los Álamos,CALLE LEON FELIPE 1,221 - Pavones,Calle Hacienda de Pavones nº 342,1351.0533254649472
Parroquia Nuestra Señora de los Ángeles,CALLE BRAVO MURILLO 93,132 - Glorieta de los Cuatro Caminos,Calle Santa Engracia nº 168,73.40328007140907
Parroquia Nuestra Señora de África,CALLE ALGORTA 14,212 - Marqués de Vadillo,Glorieta Marqués de Vadillo nº 9,1325.448311560007
Parroquia Nuestra Señora del Aire,CALLE GENERAL MILLAN ASTRAY 72,212 - Marqués de Vadillo,Glorieta Marqués de Vadillo nº 9,4964.889854321847
Parroquia Nuestra Señora del Buen Consejo y San Isidro,CALLE TOLEDO 37,39 - Plaza de la Cebada,Plaza de la Cebada nº 16 ,225.71331899845836
Parroquia Nuestra Señora del Buen Suceso,CALLE PRINCESA 43,114 - Quintana,Calle Quintana nº 11,221.03736201719323
Parroquia Nuestra Señora del Camino,CALLE FENELON 20,215 - Gutierre de Cetina,Calle Gutierre de Cetina nº 77,2524.492341986063
Parroquia Nuestra Señora del Carmen (El Plantío),AVENIDA VICTORIA 51,261 - Facultad Derecho,Avenida Complutense nº 23,8830.512772331062
Parroquia Nuestra Señora del Carmen y San Luis Obispo,CALLE CARMEN 10,56 - Plaza del Carmen ,Plaza del Carmen nº 1,71.69075333625648
Parroquia Nuestra Señora del Consuelo,CALLE CLEOPATRA 13,227 - Concordia,Calle Arroyo del Olivar nº 6,1481.5761974858426
Parroquia Nuestra Señora del Encuentro,CALLE PEDRO BARREDA 22,204 - Cuatro Caminos 2,Calle Doctor Santero nº 1,328.69400915875235
Parroquia Nuestra Señora del Espino y Nuestra Señora de Madrid,CALLE CONDE DE SERRALLO 17,208 - Plaza de Castilla,Paseo de la Castellana nº 216,276.01347205598404
Parroquia Nuestra Señora del Henar,CALLE AGUSTIN DURAN 20,191 - Diego de león,Calle Alonso Heredia nº 1,207.19264353112084
Parroquia Nuestra Señora del Perpetuo Socorro,CALLE MANUEL SILVELA 14,124 - Manuel Silvela,Calle Manuel Silvela nº 20,91.55514179543455
Parroquia Nuestra Señora del Pilar. (Campamento),PLAZA PATRICIO MARTINEZ 5,224 - Caramuel,Calle Caramuel nº 51,3853.9154849494257
Parroquia Nuestra Señora del Pilar. Calle Juan Bravo,CALLE JUAN BRAVO 40 bis,144 - Juan Bravo 50,Calle Juan Bravo nº 50,202.97007411030404
Parroquia Nuestra Señora del Pino,CALLE DOROTEO LABORDA 8,213 - Glorieta de Cádiz,Calle Antonio López nº 129,5256.8950921797295
Parroquia Nuestra Señora del Puig y San Timoteo,CALLE SIERRA DE GREDOS 26,221 - Pavones,Calle Hacienda de Pavones nº 342,2444.7179871240696
Parroquia Nuestra Señora del Recuerdo,CALLE ARGENTA 8,215 - Gutierre de Cetina,Calle Gutierre de Cetina nº 77,2292.4507651362314
Parroquia Nuestra Señora del Rosario,PLAZA FRANCISCANOS 3,224 - Caramuel,Calle Caramuel nº 51,2009.9764778477893
Parroquia Nuestra Señora del Rosario de Filipinas,CALLE CONDE DE PE&amp;Ntilde;ALVER 40,89 - Conde Peñalver,Calle Ayala nº 102,218.24410314278023
Parroquia Nuestra Señora del Rosario de Fátima,CALLE ALCALA 292,232 - José María Pereda,Calle José María de Pereda nº 1,201.06715529708782
Parroquia Nuestra Señora del Sagrado Corazón,AVENIDA PIO XII 29,254 - Pío XII,Avenida Pío XII nº 3,338.8913498711125
Parroquia Nuestra Señora del Sagrario,CALLE EL SIGLO FUTURO 14,212 - Marqués de Vadillo,Glorieta Marqués de Vadillo nº 9,3417.6932776810663
Parroquia Nuestra Señora del Santísimo Sacramento,CALLE CLARA DEL REY 38,251 - Corazón de María,Calle Santa Hortensia nº 31,135.55770594892863
Parroquia Nuestra Señora del Tránsito,CARRETERA CANILLAS 40,230 - Carlota O’Neill,Calle Carlota O'Neill nº 32,2124.2868676586
Parroquia Nuestra Señora del Valle,CALLE VALDERRIBAS 72,84 - Valderribas,Calle Doctor Esquerdo nº 191,234.2068018217884
Parroquia Padre Nuestro,AVENIDA CANTABRIA 4,215 - Gutierre de Cetina,Calle Gutierre de Cetina nº 77,5276.449758087401
Parroquia Patrocinio de San José,CALLE PEDRO LABORDE 78,227 - Concordia,Calle Arroyo del Olivar nº 6,1594.6156573358649
Parroquia Preciosa Sangre,CALLE GRAN AVENIDA  s/n,213 - Glorieta de Cádiz,Calle Antonio López nº 129,2303.3030539524916
Parroquia Presentación de Nuestra Señora,CALLE CORREGIDOR DIEGO DE VALDERRABANO 62,218 - Camino Vinateros,Calle Camino de los Vinateros nº 28,103.89871121803125
Parroquia Purificación de Nuestra Señora,CALLE EDUARDO UROSA 5,212 - Marqués de Vadillo,Glorieta Marqués de Vadillo nº 9,2484.78714588915
Parroquia Purísimo Corazón de María,CALLE EMBAJADORES 81,121 - Santa María de la Cabeza,Paseo de Santa María de la Cabeza nº 58,115.44961928617248
Parroquia Resurrección del Señor,CALLE ESCALONILLA 26,224 - Caramuel,Calle Caramuel nº 51,1769.4500598340533
Parroquia Sagrada Familia,CALLE ANTONIO TOLEDANO 23,101 - Jorge Juan,Calle Jorge Juan nº 131,214.44559980375695
Parroquia Sagrado Corazón de Jesús de Usera,PASEO SANTA MARIA DE LA CABEZA 115,228 - San Delfín,Calle San Delfín nº 9,457.22978385121115
Parroquia Sagrado Corazón de Jesús. Calle General Zabala,CALLE GENERAL ZABALA 10,196 - Prosperidad,Calle Suero de Quiñones nº 2,77.19376483981205
Parroquia Sagrados Corazones,PASEO LA HABANA 31,159 - Paseo de la Habana 63,Paseo de la Habana nº 63,237.65999250222492
Parroquia San Agustín,CALLE JOAQUIN COSTA 10,137 - Plaza de la República Argentina,Plaza de la República Argentina nº 6,168.46261158753887
Parroquia San Alberto Magno,CALLE BENJAMIN PALENCIA 9,226 - Sierra Toledana,Camino de Valderribas nº 94,954.5594878166665
Parroquia San Alejandro,CALLE VIRGEN DE LOURDES 21,189 - Avenida Donostiarra,Calle Virgen de la Alegría nº 18,195.3625776816123
Parroquia San Alfonso María de Ligorio,CALLE ESCALONA 109,224 - Caramuel,Calle Caramuel nº 51,3589.525566653848
Parroquia San Ambrosio,CALLE RIOJANOS 1,221 - Pavones,Calle Hacienda de Pavones nº 342,1632.5216007740896
Parroquia San Andrés Apóstol. Calle Oxígeno,CALLE OXIGENO 15,213 - Glorieta de Cádiz,Calle Antonio López nº 129,4688.510313687588
Parroquia San Andrés Apóstol. Plaza San Andrés,PLAZA SAN ANDRES 1,38 - Plaza de los Carros,Carrera de San Francisco nº 1,94.14943803902975
Parroquia San Antonio,CALLE BRAVO MURILLO 150,205 - Estrecho,Calle Navarra nº 1,304.52094576419205
Parroquia San Antonio María Claret,CALLE CORAZON DE MARIA 1,195 - Avenida de América 1,Calle Padre Indalecio Hernández nº 1,311.34276744996254
Parroquia San Antonio María Zaccaría,CALLE FUENTE DEL TIRO 27,224 - Caramuel,Calle Caramuel nº 51,5206.711150222232
Parroquia San Antonio de las Cárcavas,AVENIDA MARUJA MALLO 15,230 - Carlota O’Neill,Calle Carlota O'Neill nº 32,4280.738218918201
Parroquia San Antonio del Retiro,CALLE DUQUE DE SESTO 9,98 - Plaza de Felipe II,Plaza de Felipe II,206.20265706276479
Parroquia San Bartolomé,CALLE GUETARIA 1,213 - Glorieta de Cádiz,Calle Antonio López nº 129,2205.786633232105
Parroquia San Basilio el Grande,CALLE FERNANDO POO 36,175 - Jaime el Conquistador,Calle Jaime el Conquistador nº 30,152.11890774679236
Parroquia San Benito Abad,CALLE BESOLLA 7,212 - Marqués de Vadillo,Glorieta Marqués de Vadillo nº 9,2874.244864194994
Parroquia San Benito Menni,CALLE CATORCE OLIVAS 12,212 - Marqués de Vadillo,Glorieta Marqués de Vadillo nº 9,4115.499310121896
Parroquia San Bernabé,CALLE SAN FELIU DE GUIXOLS 9,221 - Pavones,Calle Hacienda de Pavones nº 342,1282.9631660368702
Parroquia San Blas,CALLE ALCONERA 1,215 - Gutierre de Cetina,Calle Gutierre de Cetina nº 77,1970.6400846001338
Parroquia San Bonifacio,CALLE BREMEN 2,242 - Avenida Bruselas,Avenida Bruselas nº 56,218.58929196379225
Parroquia San Bruno,CALLE BEATRIZ DE BOBADILLA 3,256 - Reina Victoria,Calle Beatriz de Bobadilla frente al nº 2,138.747835282219
Parroquia San Camilo de Lelis,CALLE ANOETA 12,213 - Glorieta de Cádiz,Calle Antonio López nº 129,4029.187569671017
Parroquia San Clemente Romano,CALLE COALICION 17,235 - Embajadores 191,Calle Sodio nº 1B,3460.18049490203
Parroquia San Cristóbal,CALLE TRES 2,215 - Gutierre de Cetina,Calle Gutierre de Cetina nº 77,4382.712172837754
Parroquia San Cristóbal y San Rafael,CALLE BRAVO MURILLO 39,201 - Canal,Calle José Abascal frente al nº 2,239.90340280300927
Parroquia San Diego,AVENIDA SAN DIEGO 61,227 - Concordia,Calle Arroyo del Olivar nº 6,785.2632091120003
Parroquia San Dámaso,CALLE MAURICIO LEGENDRE 10,252 - Chamartín,Calle Rodríguez Jaén nº 40,173.09389047500346
Parroquia San Eduardo,CALLE GENERAL MARGALLO 6,206 - Metro Tetuán,Calle Marqués de Viana nº 3,143.43181964110093
Parroquia San Eloy,PLAZA DOCTOR BARRAQUER 1,217 - Pedro Rico,Calle Pedro Rico nº 4,2685.883343843674
Parroquia San Emilio,TRAVESIA JOSE NORIEGA 4,233 - Marqués de Corbera 12,Avenida Marqués de Corbera nº 12,347.3074087040569
Parroquia San Estanislao de Kostka,CALLE DOCTOR ESQUERDO 97,72 - Sainz de Baranda,Calle Doctor Esquerdo nº 99,43.19447631379133
Parroquia San Eulogio,CALLE PE&amp;Ntilde;A DE VARGAS 10,221 - Pavones,Calle Hacienda de Pavones nº 342,3080.660672793833
Parroquia San Federico,CALLE ALCALDE MARTIN DE ALZAGA 21,239 - Francos Rodríguez,Calle Francos Rodríguez nº 62,996.9873123716943
Parroquia San Fermín,AVENIDA SAN FERMIN 10,235 - Embajadores 191,Calle Sodio nº 1B,2019.6191985468922
Parroquia San Fermín de los Navarros,PASEO EDUARDO DATO 10,198 - Rubén Darío,Glorieta Rubén Darío 2,93.95373297235062
Parroquia San Fernando,AVENIDA ALBERTO ALCOCER 9,157 - Castellana 164,Paseo de la Castellana nº 164,191.13025312754186
Parroquia San Francisco Javier y San Luis Gonzaga,CALLE MARTIRES DE LA VENTILLA 34,248 - Torre Cepsa,Calle Sinesio Delgado nº 2,491.79661875391514
Parroquia San Francisco de Asís,PLAZA CORPUS BARGA 4,227 - Concordia,Calle Arroyo del Olivar nº 6,351.1934434209557
Parroquia San Francisco de Borja,CALLE SERRANO 104,142 - Castellana 42,Paseo de la Castellana nº 42,166.7798164899731
Parroquia San Francisco de Paula,CALLE RUIDERA 9,180 - Méndez Álvaro,Calle Retama nº 5,1474.658252101979
Parroquia San Francisco de Sales,CALLE FRANCOS RODRIGUEZ 5,205 - Estrecho,Calle Navarra nº 1,188.17769386814314
Parroquia San Fulgencio y San Bernardo,PASEO SAN ILLAN 9,223 - Ermita Santo,Paseo de la Ermita del Santo nº 48,553.6527953404611
Parroquia San Félix,CALLE PUEBLA DE SANABRIA 18,213 - Glorieta de Cádiz,Calle Antonio López nº 129,4305.523752586902
Parroquia San Gabriel Arcángel,CALLE ISLA DE OZA 49,239 - Francos Rodríguez,Calle Francos Rodríguez nº 62,1540.031157283022
Parroquia San Gabriel de la Dolorosa,CALLE ARTE 4,249 - Manuel Caldeiro,Paseo de la Castellana nº 298,1212.8812267087083
Parroquia San Gerardo María Mayela,CALLE MAQUEDA 45,224 - Caramuel,Calle Caramuel nº 51,3518.141293388832
Parroquia San Germán,CALLE SAN GERMAN 26,238 - San Germán 5,Calle San Germán nº 5,177.66823921242764
Parroquia San Ginés,CALLE ARENAL 13,25b - Plaza de Celenque B,Plaza de Celenque nº 1,54.56837614485495
Parroquia San Gregorio Magno,BULEVAR INDALECIO PRIETO 13,221 - Pavones,Calle Hacienda de Pavones nº 342,1206.9923010506207
Parroquia San Hermenegildo y Santa María de la Cabeza,CALLE FOSFORO 4,167 - Segovia 45,Calle Segovia nº 45,376.98346961977074
Parroquia San Hilario de Poitiers,CALLE LUIS CHAMIZO 7,224 - Caramuel,Calle Caramuel nº 51,4040.3810843936903
Parroquia San Ignacio de Loyola,CALLE PINOS ALTA 79,207 - Remonta,Calle Azucenas nº 1,629.4596979777141
Parroquia San Ildefonso y Santos Justo y Pastor,CALLE COLON 16,55 - Plaza de San Ildefonso,Plaza de San Ildefonso,32.95622754990387
Parroquia San Ireneo,CALLE CARLOTA O'NEILL 26,230 - Carlota O’Neill,Calle Carlota O'Neill nº 32,83.0056382673699
Parroquia San Isidoro y San Pedro Claver,CALLE VILLA DE PONS 14,254 - Pío XII,Avenida Pío XII nº 3,2264.2683453914215
Parroquia San Isidro,CALLE PARQUE EUGENIA DE MONTIJO 54 B,212 - Marqués de Vadillo,Glorieta Marqués de Vadillo nº 9,3680.3830826646863
Parroquia San Jaime,CALLE JUAN JOSE MARTINEZ SECO 54,235 - Embajadores 191,Calle Sodio nº 1B,4197.530765216451
Parroquia San Jenaro,CALLE VITAL AZA 81,215 - Gutierre de Cetina,Calle Gutierre de Cetina nº 77,539.527392900888
Parroquia San Jerónimo el Real (Los Jerónimos),CALLE MORETO 4,68 - Espalter,Calle Espalter nº 1,178.2883803678663
Parroquia San Joaquín,CALLE AMPOSTA 24,215 - Gutierre de Cetina,Calle Gutierre de Cetina nº 77,1729.4536882030764
Parroquia San Jorge,CALLE PADRE DAMIAN 22,253 - Doctor Fleming,Calle Doctor Fleming nº 7,153.28544149501082
Parroquia San José,CALLE ALCALA 43,20a - Banco de España A,Calle Alcalá nº 49,104.40463436565656
Parroquia San José María Escrivá de Balaguer,CALLE GANIMEDES 19,261 - Facultad Derecho,Avenida Complutense nº 23,5082.421460614801
Parroquia San José María Rubio,AVENIDA BLAS DE LEZO 9,221 - Pavones,Calle Hacienda de Pavones nº 342,6938.772098051417
Parroquia San José Obrero,CALLE JULIO ANTONIO 3 PLANTA BAJA,212 - Marqués de Vadillo,Glorieta Marqués de Vadillo nº 9,2067.2154325001225
Parroquia San José de Calasanz,CALLE IMAGEN 12,227 - Concordia,Calle Arroyo del Olivar nº 6,1039.0676660539998
Parroquia San Juan Bautista,CALLE FAUSTINA PEÑALVER 1,214 - Condesa de Venadito,Calle Condesa de Venadito nº 2,1080.5025961893393
Parroquia San Juan Bautista de la Concepción,CALLE CAMARENA 57,224 - Caramuel,Calle Caramuel nº 51,2771.3587193640356
Parroquia San Juan Bosco,CALLE DOCTOR LARRA Y CEREZO  sin número,224 - Caramuel,Calle Caramuel nº 51,618.3540288206087
Parroquia San Juan Crisóstomo,CALLE DOMENICO SCARLATTI 2,203 - San Francisco de Sales,Calle General Ampudia nº 2,144.964120927207
Parroquia San Juan Evangelista,PLAZA VENECIA 1,242 - Avenida Bruselas,Avenida Bruselas nº 56,286.03486322771914
Parroquia San Juan de Dios,CALLE MONTE DE MONTJUICH 19,221 - Pavones,Calle Hacienda de Pavones nº 342,2759.967018822271
Parroquia San Juan de Mirasierra,CALLE MORALZARZAL 75,217 - Pedro Rico,Calle Pedro Rico nº 4,2816.5545169757197
Parroquia San Juan de Ribera,CALLE RODRIGUEZ MARIN 57,147 - Doctor Arce 45,Avenida del Doctor Arce nº 45,158.9678903925785
Parroquia San Juan de la Cruz,PLAZA SAN JUAN DE LA CRUZ 2,135 - Plaza de San Juan de la Cruz,Plaza de San Juan de la Cruz nº 11,80.61103187947684
Parroquia San Juan de Ávila,CALLE FORNILLOS 9,213 - Glorieta de Cádiz,Calle Antonio López nº 129,1328.6052032963682
Parroquia San Leandro,CALLE ESCALONA 59,224 - Caramuel,Calle Caramuel nº 51,3065.7260226159497
Parroquia San Leopoldo,CALLE SAGRADOS CORAZONES 28,224 - Caramuel,Calle Caramuel nº 51,1067.1852639380243
Parroquia San León Magno,CALLE CONCEJAL BENITO MARTIN LOZANO 7,46 - Ribera de Curtidores,Calle Ribera de Curtidores nº 28,210.5095366504445
Parroquia San Lorenzo,CALLE DOCTOR PIGA 2,53 - Plaza de Lavapiés,Calle Valencia nº 1,154.809293994376
Parroquia San Lucas,PLAZA PALOMA DE LA PAZ 1,235 - Embajadores 191,Calle Sodio nº 1B,5162.659659721443
Parroquia San Luis de los Franceses,CALLE LAGASCA 89,88 - Embajada de Italia,Calle Velázquez nº 75,115.12849954621106
Parroquia San Manuel y San Benito,CALLE ALCALA 83,102 - Velázquez,Calle Alcalá nº 95,177.03631776477405
Parroquia San Marcos,CALLE SAN LEONARDO 10,116b - Plaza de España B,Calle Princesa nº 5,131.18533591293064
Parroquia San Martín de Porres,CALLE ABEGONDO 28,254 - Pío XII,Avenida Pío XII nº 3,2882.7129661674057
Parroquia San Mateo,AVENIDA LA VERBENA DE LA PALOMA 16,213 - Glorieta de Cádiz,Calle Antonio López nº 129,3458.2979657199776
Parroquia San Matías,PLAZA IGLESIA 2,230 - Carlota O’Neill,Calle Carlota O'Neill nº 32,3298.0610666460875
Parroquia San Miguel Arcángel de Carabanchel,CALLE GENERAL RICARDOS 21,212 - Marqués de Vadillo,Glorieta Marqués de Vadillo nº 9,235.724641434033
Parroquia San Miguel Arcángel de Chamartín,AVENIDA BURGOS 2,252 - Chamartín,Calle Rodríguez Jaén nº 40,667.8005442234734
Parroquia San Miguel Arcángel de Fuencarral,CALLE ISLAS BERMUDAS 28,217 - Pedro Rico,Calle Pedro Rico nº 4,1445.1415131328877
Parroquia San Miguel de los Santos,CALLE LOPEZ DE HOYOS 39,146 - María Francisca 1,Calle María Francisca nº 1,335.07472112743505
Parroquia San Millán y San Cayetano,CALLE EMBAJADORES 15,44 - Plaza de Nelson Mandela,Calle Mesón de Paredes nº 35,149.6614974166458
Parroquia San Nicolás de Bari. Personal de Habla Italiana,PLAZA SAN NICOLAS 6,36 - Plaza Ramales,Plaza de Ramales,110.68326915400222
Parroquia San Pablo,CALLE ESCRITOR 25,227 - Concordia,Calle Arroyo del Olivar nº 6,1079.5011096892474
Parroquia San Pablo de la Cruz,AVENIDA MADROÑOS 40,230 - Carlota O’Neill,Calle Carlota O'Neill nº 32,1705.5160791901178
Parroquia San Patricio,CALLE ALEJANDRO GONZALEZ 12,187 - Alcalá-Ventas,Calle Alejandro González nº 1,106.4508456882981
Parroquia San Pedro Advíncula,CALLE SIERRA GORDA 5,221 - Pavones,Calle Hacienda de Pavones nº 342,2540.273437142854
Parroquia San Pedro Apóstol (Carabanchel),PLAZA SEIS DE DICIEMBRE 1,212 - Marqués de Vadillo,Glorieta Marqués de Vadillo nº 9,3966.9283681722322
Parroquia San Pedro Apóstol. Calle Concejal Tomás Serrano Guío,CALLE CONCEJAL TOMAS SERRANO GUIO 2,230 - Carlota O’Neill,Calle Carlota O'Neill nº 32,6922.645394309045
Parroquia San Pedro Mártir de los Padres Dominicos,AVENIDA BURGOS 204,249 - Manuel Caldeiro,Paseo de la Castellana nº 298,3371.2128163666202
Parroquia San Pedro Nolasco,CALLE DOÑA FRANCISQUITA 27,213 - Glorieta de Cádiz,Calle Antonio López nº 129,3646.6708446776884
Parroquia San Pedro Poveda,AVENIDA CAMINO DE SANTIAGO 35,217 - Pedro Rico,Calle Pedro Rico nº 4,2978.578371488539
Parroquia San Pedro Regalado y San José de Calasanz,PLAZA PE&amp;Ntilde;A GUDINA 1,227 - Concordia,Calle Arroyo del Olivar nº 6,809.3380208565374
Parroquia San Pío X,CALLE DOCTOR CASAL 9,112 - Paseo de Moret,Paseo de Moret nº 11,987.0098007885582
Parroquia San Rafael Arcángel,CALLE OTERO Y DELAGE 103,261 - Facultad Derecho,Avenida Complutense nº 23,2781.880057810183
Parroquia San Rafael Arnáiz,CALLE OCTAVIO PAZ 2,249 - Manuel Caldeiro,Paseo de la Castellana nº 298,2634.7890031763636
Parroquia San Raimundo de Peñafort,CALLE ESTEBAN CARROS 35,227 - Concordia,Calle Arroyo del Olivar nº 6,2315.9615465565516
Parroquia San Ramón Nonato,CALLE MELQUIADES BIENCINTO 10,179 - Puente de Vallecas,Avenida de la Albufera nº 6,82.3248465890438
Parroquia San Ricardo,CALLE GAZTAMBIDE 22,199 - Fernando el Católico,Calle Fernando el Católico nº 61,113.61798756383246
Parroquia San Romualdo,CALLE ASCAO 30,215 - Gutierre de Cetina,Calle Gutierre de Cetina nº 77,47.62466625003932
Parroquia San Roque,CALLE ABOLENGO 10,212 - Marqués de Vadillo,Glorieta Marqués de Vadillo nº 9,1959.8095912614324
Parroquia San Sebastián,CALLE ATOCHA 39,52 - Plaza de Santa Ana,Plaza de Santa Ana nº 10,118.77158252926691
Parroquia San Sebastián Mártir,PLAZA PARROQUIA 1,212 - Marqués de Vadillo,Glorieta Marqués de Vadillo nº 9,2913.175065197916
Parroquia San Simón y San Judas,AVENIDA ORCASUR  sin número,213 - Glorieta de Cádiz,Calle Antonio López nº 129,2061.907991889353
Parroquia San Valentín y San Casimiro,CALLE VILLAJIMENA 75,221 - Pavones,Calle Hacienda de Pavones nº 342,2517.7341752209304
Parroquia San Vicente Ferrer,CALLE IBIZA 43 BIS,63 - Ibiza,Calle Ibiza nº 62,142.73283439559106
Parroquia San Vicente de Paúl,PLAZA SAN VICENTE DE PAUL 1,212 - Marqués de Vadillo,Glorieta Marqués de Vadillo nº 9,1634.2091970270355
Parroquia San Víctor,CALLE RAMON GOMEZ DE LA SERNA 101,239 - Francos Rodríguez,Calle Francos Rodríguez nº 62,3249.498893242097
Parroquia Santa Adela,CALLE SAN FAUSTINO 6,215 - Gutierre de Cetina,Calle Gutierre de Cetina nº 77,3328.5160762906294
Parroquia Santa Ana y La Esperanza,CALLE CAÑADA 35,219 - Marroquina,Calle Camino de los Vinateros nº 108,346.39651072273114
Parroquia Santa Beatriz,CALLE CONCEJAL FRANCISCO JOSE JIMENEZ MARTIN 130,224 - Caramuel,Calle Caramuel nº 51,1902.3589646839744
Parroquia Santa Bibiana,CALLE ALCOCER 9,213 - Glorieta de Cádiz,Calle Antonio López nº 129,4308.136944841603
Parroquia Santa Bárbara,CALLE GENERAL CASTA&amp;Ntilde;OS 2,26 - Plaza de las Salesas,Plaza de las Salesas 7,58.329545428586165
Parroquia Santa Casilda,CALLE PARADOR DEL SOL 10,228 - San Delfín,Calle San Delfín nº 9,176.5036984514031
Parroquia Santa Catalina Labouré,CALLE ARROYO OPAÑEL 29,212 - Marqués de Vadillo,Glorieta Marqués de Vadillo nº 9,1245.4769045811338
Parroquia Santa Catalina de Alejandría,CALLE RAMBLA 5,230 - Carlota O’Neill,Calle Carlota O'Neill nº 32,4787.585734696148
Parroquia Santa Catalina de Siena,CALLE JUAN DE URBIETA 57,76 - Puerta de Mariano de Cavia,Avenida del Mediterráneo nº 19,191.8442642836588
Parroquia Santa Cecilia,CALLE MEDINA DE POMAR 11,215 - Gutierre de Cetina,Calle Gutierre de Cetina nº 77,5383.901992233174
Parroquia Santa Cristina,PASEO EXTREMADURA 32,216 - Puerta del Ángel,Plaza Puerta del Ángel nº 4,33.16829382438225
Parroquia Santa Cruz,CALLE ATOCHA 6,32 - Plaza de la Provincia,Plaza de la Provincia nº 1,84.34576197664057
Parroquia Santa Elena,CALLE ORFILA 1,8 - Alonso Martínez,Plaza de Alonso Martínez nº 5,183.48747879388918
Parroquia Santa Eugenia,CALLE VIRGEN DE LAS VI&amp;Ntilde;AS 15,221 - Pavones,Calle Hacienda de Pavones nº 342,3173.0210127683554
Parroquia Santa Eulalia de Mérida,CALLE PEDROCHES 5,227 - Concordia,Calle Arroyo del Olivar nº 6,1607.5347761567725
Parroquia Santa Florentina,CALLE LONGARES 8,215 - Gutierre de Cetina,Calle Gutierre de Cetina nº 77,2663.9422429054657
Parroquia Santa Gema,CALLE LEIZARAN 24,147 - Doctor Arce 45,Avenida del Doctor Arce nº 45,172.12782396341183
Parroquia Santa Inés,AVENIDA REAL DE PINTO 72,213 - Glorieta de Cádiz,Calle Antonio López nº 129,5150.781243131967
Parroquia Santa Irene,CALLE ANDALUCES 1,221 - Pavones,Calle Hacienda de Pavones nº 342,1128.3301585614752
Parroquia Santa Luisa de Marillac,AVENIDA ABRANTES 111,212 - Marqués de Vadillo,Glorieta Marqués de Vadillo nº 9,2455.1730735470715
Parroquia Santa Maravillas de Jesús,CALLE MORALES 64,212 - Marqués de Vadillo,Glorieta Marqués de Vadillo nº 9,5785.726148965277
Parroquia Santa Margarita María de Alacoque,CALLE JAIME VERA 33,224 - Caramuel,Calle Caramuel nº 51,75.23602258655394
Parroquia Santa María Josefa del Corazón de Jesús,AVENIDA LA GAVIA 25,221 - Pavones,Calle Hacienda de Pavones nº 342,3637.352773450368
Parroquia Santa María La Antigua,CALLE VIRGEN DE LA ANTIGUA 9,221 - Pavones,Calle Hacienda de Pavones nº 342,2464.011629427747
Parroquia Santa María Madre de la Iglesia,CALLE GOMEZ DE ARTECHE 30,212 - Marqués de Vadillo,Glorieta Marqués de Vadillo nº 9,4715.8744274218325
Parroquia Santa María Magdalena,CALLE DRACENA 23,254 - Pío XII,Avenida Pío XII nº 3,650.46135349727
Parroquia Santa María Micaela y San Enrique,CALLE SAN GERMAN 23,154 - Orense 36,Calle Orense nº 36,250.67258027278677
Parroquia Santa María Personal de Habla Alemana,AVENIDA BURGOS 12,252 - Chamartín,Calle Rodríguez Jaén nº 40,733.4868303085992
Parroquia Santa María Soledad Torres Acosta,AVENIDA CAMINO DE SANTIAGO 35,217 - Pedro Rico,Calle Pedro Rico nº 4,2978.578371488539
Parroquia Santa María de Cervellón,CALLE BELISANA 2,214 - Condesa de Venadito,Calle Condesa de Venadito nº 2,1594.0159466743046
Parroquia Santa María de Martala,CALLE FOBOS 2,221 - Pavones,Calle Hacienda de Pavones nº 342,940.006505615068
Parroquia Santa María de Nazaret,CALLE CAÑADA DEL SANTISIMO 27,221 - Pavones,Calle Hacienda de Pavones nº 342,4938.98711946671
Parroquia Santa María de la Caridad,CALLE FERMIN CABALLERO 39,217 - Pedro Rico,Calle Pedro Rico nº 4,1424.8574604227551
Parroquia Santa María de la Esperanza,CALLE FERMIN CABALLERO 53,217 - Pedro Rico,Calle Pedro Rico nº 4,1687.462459642801
Parroquia Santa María de la Fe,CALLE PUERTO DE MASPALOMAS 16,217 - Pedro Rico,Calle Pedro Rico nº 4,2166.289679209837
Parroquia Santa María del Bosque,CALLE MANUEL URIBE 1,254 - Pío XII,Avenida Pío XII nº 3,1154.5904154714194
Parroquia Santa María del Buen Aire,CALLE ENCOMIENDA DE PALACIOS 192,221 - Pavones,Calle Hacienda de Pavones nº 342,607.7122179861391
Parroquia Santa María del Camino,CALLE ENCOMIENDA DE PALACIOS 334,221 - Pavones,Calle Hacienda de Pavones nº 342,437.11734783638923
Parroquia Santa María del Monte Carmelo,CALLE AYALA 35,87 - Ayala,Calle Ayala nº 44,6.449274820141031
Parroquia Santa María del Parque,CALLE SANTA VIRGILIA 13,254 - Pío XII,Avenida Pío XII nº 3,3500.3169959994175
Parroquia Santa María del Pilar,CALLE REYES MAGOS 3,83 - Pío Baroja,Calle Pío Baroja nº 10,136.5914005765654
Parroquia Santa María del Pinar,CALLE JAZMIN 7,249 - Manuel Caldeiro,Paseo de la Castellana nº 298,1559.7919693697534
Parroquia Santa María del Pozo y Santa Marta,CALLE MONTANCHEZ 13,227 - Concordia,Calle Arroyo del Olivar nº 6,2161.4807961581037
Parroquia Santa María del Silencio,CALLE RAIMUNDO FERNANDEZ VILLAVERDE 18,133 - Raimundo Fernández,Calle Raimundo Fernández Villaverde nº 33,105.00122543022145
Parroquia Santa María del Val,AVENIDA MONFORTE DE LEMOS 115,217 - Pedro Rico,Calle Pedro Rico nº 4,1743.786373799517
Parroquia Santa María la Blanca,PLAZA VILLA DE CANILLEJAS 1,215 - Gutierre de Cetina,Calle Gutierre de Cetina nº 77,3053.920125593764
Parroquia Santa María la Blanca de Montecarmelo,CALLE MONASTERIO DE OSEIRA 25,217 - Pedro Rico,Calle Pedro Rico nº 4,3499.3272096507567
Parroquia Santa María la Mayor y San Julián,CALLE CENICIENTOS 1,239 - Francos Rodríguez,Calle Francos Rodríguez nº 62,248.0702659032487
Parroquia Santa María la Real de la Almudena,CALLE MAYOR 90,166 - Segovia 26,Calle Segovia nº 26,162.55821551047507
Parroquia Santa Matilde,CALLE LOPEZ DE HOYOS 166,251 - Corazón de María,Calle Santa Hortensia nº 31,389.3490145345097
Parroquia Santa Mónica,CALLE PRINCIPE DE VERGARA 87,143 - Diego de León 52,Calle Diego de León nº 52,203.54618235008513
Parroquia Santa Paula,CARRETERA CANILLAS 115 B,230 - Carlota O’Neill,Calle Carlota O'Neill nº 32,2701.5761887927633
Parroquia Santa Rita,CALLE GAZTAMBIDE 75,128 - Cea Bermúdez,Calle Cea Bermúdez nº 59,59.17409139094527
Parroquia Santa Rosa de Lima,CALLE VIA CARPETANA 47,223 - Ermita Santo,Paseo de la Ermita del Santo nº 48,1172.0188274044303
Parroquia Santa Rosalía,CALLE LAS PEDROÑERAS 13,230 - Carlota O’Neill,Calle Carlota O'Neill nº 32,2895.447223889926
Parroquia Santa Teresa Benedicta de la Cruz,CALLE SENDA DEL INFANTE 22,217 - Pedro Rico,Calle Pedro Rico nº 4,2843.525031870876
Parroquia Santa Teresa de Calcuta,CALLE MINERVA 58,221 - Pavones,Calle Hacienda de Pavones nº 342,2448.1850555618407
Parroquia Santa Teresa y Santa Isabel,GLORIETA PINTOR SOROLLA 2,246 - Santa Engracia 87,Calle Santa Engracia nº 87,106.68640947438314
Parroquia Santa Ángela de la Cruz,CALLE CESAR MANRIQUE 7,239 - Francos Rodríguez,Calle Francos Rodríguez nº 62,2059.3708922239434
Parroquia Santas Justa y Rufina.,CALLE SANTA AUREA 7,224 - Caramuel,Calle Caramuel nº 51,577.1546067008835
Parroquia Santas Perpetua y Felicidad,CALLE SANTA FELICIDAD 1,234 - Marqués de Corbera 52,Avenida Marqués de Corbera nº 52,103.66185046792582
Parroquia Santiago el Mayor y Nuestra Señora de las Cruces,CALLE SANTA CRUZ DE MARCENADO 11 PLANTA BAJO,12 - San Hermenegildo,Calle San Bernardo nº 85,201.33004194679847
Parroquia Santiago y San Juan Bautista,PLAZA SANTIAGO 24,36 - Plaza Ramales,Plaza de Ramales,90.3832933404259
Parroquia Santo Cristo de la Misericordia,CALLE NUMANCIA 8,237 - Pablo Iglesias,Calle Francisco Balseiro nº 1,392.2076102432808
Parroquia Santo Cristo del Olivar,CALLE CAÑIZARES 4,52 - Plaza de Santa Ana,Plaza de Santa Ana nº 10,166.06220907596688
Parroquia Santo Domingo Savio,CALLE SANTO DOMINGO SAVIO 2,215 - Gutierre de Cetina,Calle Gutierre de Cetina nº 77,572.528186585031
Parroquia Santo Domingo de Guzmán,CALLE CAMARENA 183,224 - Caramuel,Calle Caramuel nº 51,3283.9799388757237
Parroquia Santo Domingo de la Calzada,CAÑADA REAL GALIANA 17,221 - Pavones,Calle Hacienda de Pavones nº 342,7650.036180735959
Parroquia Santo Niño de Cebu,CALLE LUCIO DEL VALLE 4,202 - Parque Santander,Calle Santander esquina con Avenida de Filipinas,124.80632568881568
Parroquia Santo Tomás Apóstol,CALLE PORTUGALETE 2,215 - Gutierre de Cetina,Calle Gutierre de Cetina nº 77,607.8001584730717
Parroquia Santo Tomás de Villanueva,CALLE LEONESES 6,227 - Concordia,Calle Arroyo del Olivar nº 6,1993.3688773950817
Parroquia Santos Apóstoles Felipe y Santiago el Menor,CALLE POETA BLAS DE OTERO 79,233 - Marqués de Corbera 12,Avenida Marqués de Corbera nº 12,324.51955867313706
Parroquia Santos Cosme y Damián,CALLE RAMIREZ TOME 22,226 - Sierra Toledana,Camino de Valderribas nº 94,1472.3050912247159
Parroquia Santos Inocentes,CALLE EMBAJADORES 209,235 - Embajadores 191,Calle Sodio nº 1B,237.8227587954249
Parroquia Santísima Trinidad,CALLE MARTINEZ VILLERGAS 8,231 - Derechos Humanos,Calle Derechos Humanos nº 12,302.93482479255096
Parroquia Santísimo Cristo de la Esperanza,CALLE MISTERIOS 38,230 - Carlota O’Neill,Calle Carlota O'Neill nº 32,614.8994137148092
Parroquia Santísimo Cristo de la Guía - San Juan de Sahagún,CAMINO VIEJO DE VICALVARO 18,221 - Pavones,Calle Hacienda de Pavones nº 342,1673.4590017227517
Parroquia Santísimo Cristo de la Salud,CALLE AYALA 12,105 - Serrano,Calle Serrano nº 54,111.24326111209264
Parroquia Santísimo Cristo de la Victoria,CALLE BLASCO DE GARAY 33,127 - Fernando el Católico,Calle Fernando el Católico nº 19,276.1518670458486
Parroquia Santísimo Cristo del Amor,CALLE RAFAEL FINAT 46,224 - Caramuel,Calle Caramuel nº 51,4950.743517053955
Parroquia Santísimo Redentor,CALLE FELIX BOIX 13,255 - López Pozas,Calle General López Pozas nº 2,82.15615389443774
Parroquia Santísimo Sacramento,CALLE ALCALDE SAINZ DE BARANDA 3 BIS,181 - Retiro-Ibiza,Calle Ibiza nº 18,143.1101054963904
Parroquia Transfiguración del Señor,CALLE ISABELITA USERA 34,213 - Glorieta de Cádiz,Calle Antonio López nº 129,894.5880213457011
Parroquia Virgen Peregrina,CALLE DIEGO DE LEON 36,190 - Velázquez-Diego de León,Calle Velázquez nº 91,213.47405033275112
Parroquia Virgen de La Candelaria,PLAZA NUESTRA SEÑORA DE LA CANDELARIA 1,215 - Gutierre de Cetina,Calle Gutierre de Cetina nº 77,2293.3053798442147
Parroquia Virgen de La Fuensanta,CALLE SAN FILIBERTO 9,228 - San Delfín,Calle San Delfín nº 9,1113.202447832699
Parroquia Virgen de La Nueva,CALLE CALANDA 28,230 - Carlota O’Neill,Calle Carlota O'Neill nº 32,2144.963956187047
Parroquia Virgen de La Oliva,CALLE CASTILLO DE SIMANCAS 1,215 - Gutierre de Cetina,Calle Gutierre de Cetina nº 77,1173.3972341688927
Parroquia Virgen de La Paloma y San Pedro el Real,CALLE TOLEDO 98,45 - Puerta de Toledo,Glorieta de la Puerta de Toledo nº 1,123.32906539539078
Parroquia Virgen de La Providencia y San Cayetano,CALLE FERRER DEL RIO 18,243 - Cartagena,Calle Cartagena nº 34,162.1701257070486
Parroquia Virgen de Lluc,CALLE VIRGEN DEL SAGRARIO 22,229 - C.D. Concepción,Calle Jose del Hierro nº 5,131.24914617318169
Parroquia Virgen de Los Llanos,PLAZA VIRGEN DE LOS LLANOS 1,224 - Caramuel,Calle Caramuel nº 51,5598.749855394502
Parroquia Virgen de Los Remedios,CALLE TOMASA RUIZ 8,228 - San Delfín,Calle San Delfín nº 9,312.92600507242486
Parroquia Virgen del Castillo,AVENIDA SAN LUIS 42,254 - Pío XII,Avenida Pío XII nº 3,2701.1302191432856
Parroquia Virgen del Coro,CALLE VIRGEN DE LA ALEGRIA 12,189 - Avenida Donostiarra,Calle Virgen de la Alegría nº 18,182.0496571639944
Parroquia Virgen del Cortijo,CALLE O&amp;Ntilde;A 91 B,249 - Manuel Caldeiro,Paseo de la Castellana nº 298,2122.193230615192
Parroquia Virgen del Mar,CALLE PEONES 3,215 - Gutierre de Cetina,Calle Gutierre de Cetina nº 77,2023.5366050239834
Parroquia Virgen del Refugio y Santa Lucía,CALLE MANRESA 60,217 - Pedro Rico,Calle Pedro Rico nº 4,1295.4590999289337
Parroquia Visitación de Nuestra Señora,CALLE PICO DE LOS ARTILLEROS 82,219 - Marroquina,Calle Camino de los Vinateros nº 108,571.3613030641876
Parroquia de la Armada de Nuestra Señora del Carmen,CALLE SERRANO GALVACHE 7,252 - Chamartín,Calle Rodríguez Jaén nº 40,1262.6773008195878
Primer Monasterio de la Visitación (Las Salesas),CALLE SANTA ENGRACIA 20,122 - Santa Engracia 14,Calle Santa Engracia nº 14,116.80214857365856
Real Basílica Nuestra Señora de Atocha,CALLE JULIAN GAYARRE 1,79 - Puerta de Granada,Avenida de Menéndez Pelayo nº 38,251.5444667054748
Real Basílica San Francisco el Grande,CALLE SAN BUENAVENTURA 1,37 - Plaza de San Francisco,Plaza de San Francisco nº 5,32.670599530449955
Real Monasterio de Santa Isabel,CALLE SANTA ISABEL 48,42 - Santa Isabel,Calle Atocha nº 95,218.57332975324832
Real Monasterio de la Encarnación,PLAZA ENCARNACION 1,30 - San Quintín,Calle Pavía nº 6,52.90323623062795
Real Monasterio de las Descalzas Reales,PLAZA DESCALZAS 3,25a - Plaza de Celenque A,Plaza de Celenque nº 1,103.0949592925379
Real Oratorio del Caballero de Gracia,CALLE GRAN VIA 17 B,18 - Plaza de Pedro Zerolo,Plaza de Pedro Zerolo nº 1,135.9853831620692
Santuario Nuestra Señora de Schönstatt,CALLE SERRANO 97,140 - Velázquez 130,Calle Velázquez nº 130,278.0667216862253
Santuario Nuestra Señora de los Peligros,CALLE JOAQUIN COSTA 49,250 - Serrano 113,Calle Serrano nº 113B,360.4882048595786
Segundo Monasterio de la Visitación (Las Salesas),CALLE SAN BERNARDO 72,12 - San Hermenegildo,Calle San Bernardo nº 85,106.31130975758015
Templo Eucarístico de San Martín de Tours,CALLE DESENGA&amp;Ntilde;O 26,2 - Miguel Moya,Calle Miguel Moya nº 1,123.35529783312441
Tercer Monasterio de la Visitación (Servidoras del Señor y de la Virgen de Matará),PASEO SAN FRANCISCO DE SALES 48,202 - Parque Santander,Calle Santander esquina con Avenida de Filipinas,354.7084201032102
